{"cameraMode":{"drawMode":0,"name":"Shaded","section":"Shading Mode"},"sceneLighting":true,"audioPlay":false,"sceneViewState":{"showFog":true,"showMaterialUpdate":false,"showSkybox":true,"showFlares":true,"showImageEffects":true,"showParticleSystems":true,"showVisualEffectGraphs":true,"m_FxEnabled":true},"in2DMode":false,"pivot":{"x":0.5416635274887085,"y":0.3674519956111908,"z":0.5957568883895874},"rotation":{"x":-0.0517469085752964,"y":0.9475751519203186,"z":-0.20376206934452058,"w":-0.24064350128173829},"size":0.3073950409889221,"orthographic":false}